<?xml version="1.0" encoding="UTF-8" standalone="yes"?>
<addon
  id="plugin.video.LaosTv"
  version="1.0.5"
  name="LaosTv"
  provider-name="Iamfreetofly">
  <requires>
        <import addon="xbmc.python" version="2.0"/>
		<import addon="script.module.simplejson" />
		<import addon="script.module.t0mm0.common" version="1.1.0"/>
  </requires>
  <extension point="xbmc.python.pluginsource"
            library="default.py">
        <provides>video</provides>
  </extension>
  <extension point="xbmc.addon.metadata">
    <summary>LaosTv</summary>
    <description>Watch Live Laos Tv broadcasts</description>
    <platform>all</platform>
  </extension>
</addon>