﻿<?xml version="1.0" encoding="utf-8" standalone="yes"?>
<addon id="plugin.video.tvbdo" version="1.0.10" name="TVBdo.com" provider-name="Iamfreetofly">
  <requires>
    <import addon="xbmc.python" version="2.0" />
    <import addon="script.module.simplejson" />
    <import addon="script.module.t0mm0.common" version="1.1.0" />
    <import addon="script.module.urlresolver" />
  </requires>
  <extension point="xbmc.python.pluginsource" library="default.py">
    <provides>video</provides>
  </extension>
  <extension point="xbmc.addon.metadata">
    <summary>TVBdo.com</summary>
    <description>Watch TVBdo.com (HK - Cantonese) Videos</description>
    <platform>all</platform>
  </extension>
</addon>