<?xml version="1.0" encoding="UTF-8" standalone="yes"?>
<addon
  id="plugin.video.hdfree"
  version="1.0.10"
  name="HDFree.Co"
  provider-name="Iamfreetofly">
  <requires>
        <import addon="xbmc.python" version="2.1.0" optional="true" />
		<import addon="script.module.beautifulsoup" version="3.0.8"/>
		<import addon="script.module.simplejson" />
		<import addon="script.module.t0mm0.common" version="1.1.0"/>
		<import addon="script.module.urlresolver" version="2.10.3"/>
  </requires>
  <extension point="xbmc.python.pluginsource"
            library="default.py">
        <provides>video</provides>
  </extension>
  <extension point="xbmc.addon.metadata">
    <summary>HDFree.Co</summary>
    <description>Watch HDFree.Co (Chinese)Videos</description>
    <platform>all</platform>
  </extension>
</addon>
