<?xml version="1.0" encoding="UTF-8" standalone="yes"?>
<addon
  id="plugin.video.azdrama"
  version="1.0.29.1"
  name="azdrama.net"
  provider-name="Dknight (maintained by cthlo)">
  <requires>
        <import addon="xbmc.python" version="2.1.0" optional="true" />
		<import addon="script.module.html5lib" version="0.999.0"/>
		<import addon="script.module.beautifulsoup4" version="4.3.2"/>
		<import addon="script.module.simplejson" />
		<import addon="script.module.t0mm0.common" version="1.1.0"/>
  </requires>
  <extension point="xbmc.python.pluginsource"
            library="default.py">
        <provides>video</provides>
  </extension>
  <extension point="xbmc.addon.metadata">
    <summary>azdrama.net</summary>
    <description>Watch azdrama.net (Chinese)Videos</description>
    <platform>all</platform>
  </extension>
</addon>
