<?xml version="1.0" encoding="UTF-8" standalone="yes"?>
<addon id="repository.iamfreetofly-xbmc-repaddon-bb" name="iamfreetofly-xbmc-repaddon-bb Add-on Repository" version="1.0.0" provider-name="iamfreetofly-xbmc-repaddon-bb">
	<extension point="xbmc.addon.repository" name="iamfreetofly-xbmc-repaddon-bb Add-on Repository">
		<info compressed="false">https://github.com/iamfreetofly/repository.iamfreetofly-xbmc-repaddon-bb/raw/master/addons.xml</info>
		<checksum>https://github.com/iamfreetofly/repository.iamfreetofly-xbmc-repaddon-bb/raw/master/addons.xml.md5</checksum>
		<datadir zip="true">https://github.com/iamfreetofly/repository.iamfreetofly-xbmc-repaddon-bb/raw/master/repo</datadir>
	</extension>
	<extension point="xbmc.addon.metadata">
		<summary>Install Add-ons from Iamfreetofly Add-on Repository</summary>
		<description>Video plug-ins for XBMC</description>
		<disclaimer></disclaimer>
		<platform>all</platform>
	</extension>
</addon>
